2017,05/12(金),16:05:54
2017,05/12(金),16:05:07
2017,05/12(金),16:05:09
2017,05/12(金),17:05:12
2017,05/12(金),17:05:45
2017,05/12(金),17:05:46
2017,05/12(金),17:05:46
2017,05/12(金),17:05:46
2017,05/12(金),17:05:32
2017,05/12(金),17:05:33
2017,05/12(金),17:05:33
2017,05/12(金),17:05:33
2017,05/12(金),17:05:44
2017,05/12(金),17:05:49
2017,05/12(金),17:05:49
2017,05/12(金),17:05:49
2017,05/12(金),17:05:49
2017,05/12(金),17:05:49
2017,05/12(金),17:05:49
2017,05/12(金),17:05:49
2017,05/12(金),17:05:50
2017,05/12(金),17:05:03
2017,05/12(金),17:05:08
2017,05/12(金),17:05:22
2017,05/12(金),17:05:22
2017,05/12(金),17:05:23
2017,05/12(金),17:05:23
2017,05/12(金),17:05:23
